https://storage.googleapis.com/animall-data/rotate/1646639137261_animall_JPEG_20220307_131523_8547244386446368088.jpg,https://animall.b-cdn.net/posts/thumb/1647076736812_VID-20220312-WA0012.jpg
https://animall.b-cdn.net/posts/1646980552174_IMG20220311113756.jpg,https://animall.b-cdn.net/posts/1646972952806_Screenshot_20220311_094710.jpg
https://animall.b-cdn.net/posts/1646993676005_IMG20220308115902.jpg,https://animall.b-cdn.net/posts/thumb/1647430696162_VID_20220316_170020.jpg
https://animall.b-cdn.net/posts/1646968570233_animall_20220311_084547_6039999202514672416.jpg,https://animall.b-cdn.net/posts/1647335667743_Screenshot_20220315_144014.jpg
https://animall.b-cdn.net/posts/1646571565223_IMG-20220306-WA0015.jpg,https://animall.b-cdn.net/posts/1647087473604_image.jpg
https://animall.b-cdn.net/posts/1647089830785_animall_JPEG_20220312_182643_4577400654937900841.jpg,https://animall.b-cdn.net/posts/1647357614881_20220315_093343.jpg
https://animall.b-cdn.net/posts/1647076096397_IMG20220305072955.jpg,https://animall.b-cdn.net/posts/thumb/1646965123776_VID-20220310-WA0014.jpg
https://animall.b-cdn.net/posts/thumb/1647077898190_20220312_145040.jpg,https://animall.b-cdn.net/posts/1647496013068_IMG_20220316_171348.jpg
https://animall.b-cdn.net/posts/1646988031476_IMG-20220307-WA0001.jpg,https://animall.b-cdn.net/posts/thumb/1647504930745_VID20220317134348.jpg
https://animall.b-cdn.net/posts/1646560053293_IMG_20220306_141620.jpg,https://animall.b-cdn.net/posts/1647480735437_animall_JPEG_20220317_070202_6380995479501098263.jpg
https://animall.b-cdn.net/posts/1646768605902_IMG20211221112232.jpg,https://animall.b-cdn.net/posts/1647444798713_IMG20220309113642.jpg
https://animall.b-cdn.net/posts/1647076096397_IMG20220305072955.jpg,
https://animall.b-cdn.net/posts/1646993703745_IMG20220308115852.jpg,https://animall.b-cdn.net/posts/thumb/1647227072205_VID-20220307-WA0028.jpg
https://storage.googleapis.com/animall-data/rotate/1646639137261_animall_JPEG_20220307_131523_8547244386446368088.jpg,https://animall.b-cdn.net/posts/1647496025338_IMG_20220316_171345.jpg
https://animall.b-cdn.net/posts/1647226500181_IMG20220213100959.jpg,https://animall.b-cdn.net/posts/thumb/1647227122003_VID-20220307-WA0026.jpg
https://animall.b-cdn.net/posts/thumb/1647395611899_20220314_141354.jpg,https://animall.b-cdn.net/posts/1647260376085_IMG20220314174645.jpg
https://animall.b-cdn.net/posts/thumb/1647405845505_VID_20220311_160349.jpg,https://animall.b-cdn.net/posts/1647444798713_IMG20220309113642.jpg
https://animall.b-cdn.net/posts/1647264316345_Screenshot_20220314-104933_%20.jpg,
https://animall.b-cdn.net/posts/1647250467581_Screenshot_20220314_145202.jpg,
https://storage.googleapis.com/animall-data/rotate/1647224447869_animall_JPEG_20220314_075012_5314053253074840969.jpg,
https://animall.b-cdn.net/posts/thumb/1647221904885_video_20220309_103023.jpg,
https://animall.b-cdn.net/posts/1647252897618_IMG_20220116_175822.jpg,
https://storage.googleapis.com/animall-data/rotate/1647514835271_Snapchat-1192228358.jpg,
https://animall.b-cdn.net/posts/1647496779658_20220317_112239.jpg,
https://animall.b-cdn.net/posts/1647222212885_animall_JPEG_20220314_071314_3276848121997498514.jpg,
https://animall.b-cdn.net/posts/thumb/1647255540429_video_20220313_183225.jpg,
https://storage.googleapis.com/animall-data/rotate/1647224447869_animall_JPEG_20220314_075012_5314053253074840969.jpg,
https://animall.b-cdn.net/posts/1647407191338_IMG_20220316_103215.jpg,
https://animall.b-cdn.net/posts/1647270907399_IMG_20220305_183127.jpg,
https://animall.b-cdn.net/posts/1647406918196_Screenshot_20220315-134332_%20.jpg,
https://animall.b-cdn.net/posts/1647496779658_20220317_112239.jpg,
https://animall.b-cdn.net/posts/1647491075276_IMG_20220228_103037.jpg,
https://animall.b-cdn.net/posts/1647491064818_IMG_20220228_103055.jpg,
https://animall.b-cdn.net/posts/1647222212885_animall_JPEG_20220314_071314_3276848121997498514.jpg,
https://animall.b-cdn.net/posts/1647317785449_animall_JPEG_20220315_094559_9083569870239842467.jpg,
https://animall.b-cdn.net/posts/1647317067865_IMG_20220315_090124.jpg,https://animall.b-cdn.net/posts/1647496025338_IMG_20220316_171345.jpg
https://animall.b-cdn.net/posts/1647270907399_IMG_20220305_183127.jpg,
https://animall.b-cdn.net/posts/1647497820443_Snapchat-225861680.jpg,
https://storage.googleapis.com/animall-data/rotate/1647514835271_Snapchat-1192228358.jpg,
https://animall.b-cdn.net/posts/1647222212885_animall_JPEG_20220314_071314_3276848121997498514.jpg,
https://animall.b-cdn.net/posts/1647223258397_IMG20220311113756.jpg,
https://animall.b-cdn.net/posts/1647260442318_FA0AD6B3-7AE4-442C-931E-1E8C905176ED.jpeg,
https://animall.b-cdn.net/posts/1647496779658_20220317_112239.jpg,
https://animall.b-cdn.net/posts/thumb/1647255540429_video_20220313_183225.jpg,
https://animall.b-cdn.net/posts/1647317795400_animall_JPEG_20220315_094627_5056864118159485954.jpg,
https://animall.b-cdn.net/posts/thumb/1647405845505_VID_20220311_160349.jpg,
https://animall.b-cdn.net/posts/1647406134928_animall_JPEG_20220316_101842_4962257590722807953.jpg,
Nonehttps://animall.b-cdn.net/posts/1647270907399_IMG_20220305_183127.jpg,
Nonehttps://animall.b-cdn.net/posts/1647260222561_716E0EEE-2AEA-4F48-A72A-89D0C6BEFDA4.jpeg,
https://animall.b-cdn.net/posts/1647260227986_3B3A3CCE-7BD1-4F7C-B1AD-BE4A539F1D54.jpeg,
https://animall.b-cdn.net/posts/1647252897618_IMG_20220116_175822.jpg,
https://animall.b-cdn.net/posts/1647260227986_3B3A3CCE-7BD1-4F7C-B1AD-BE4A539F1D54.jpeg,
https://animall.b-cdn.net/posts/1647398729100_IMG_20220316_081403.jpg,
Nonehttps://animall.b-cdn.net/posts/1647497820443_Snapchat-225861680.jpg,
https://animall.b-cdn.net/posts/thumb/1647572550755_video_20220317_103345.jpg,
https://animall.b-cdn.net/posts/1647317785449_animall_JPEG_20220315_094559_9083569870239842467.jpg,
https://animall.b-cdn.net/posts/1647579279790_IMG_20220309_094118.jpg,
https://animall.b-cdn.net/posts/1647237534290_Screenshot_20220314-110000_%20.jpg,
https://storage.googleapis.com/animall-data/rotate/1647353782976_20220121_154332.jpg?width=420&auto_optimize=high&saturation=20&contrast=10,
https://animall.b-cdn.net/posts/1647264543708_Screenshot_20220314-104847_%20.jpg,
https://animall.b-cdn.net/posts/1647264504610_Screenshot_20220314-104852_%20.jpg,
